Cover,Guard,PowerBank,Charger,USB
Cover,,PowerBank,Charger,USB
Cover,Guard,PowerBank,,USB
Cover,Guard,,Charger,USB
,Guard,PowerBank,Charger,USB
Cover,,PowerBank,Charger,USB
Cover,Guard,PowerBank,Charger,USB
Cover,Guard,PowerBank,Charger,USB
Cover,,PowerBank,Charger,USB
Cover,Guard,PowerBank,Charger,USB
,Guard,,Charger,USB
Cover,Guard,PowerBank,,USB
Cover,Guard,PowerBank,Charger,USB
Cover,Guard,PowerBank,Charger,USB
,Guard,,Charger,USB
Cover,,PowerBank,Charger,USB
,Guard,PowerBank,Charger,USB
Cover,Guard,PowerBank,Charger,USB
Cover,,PowerBank,Charger,USB
Cover,Guard,PowerBank,Charger,
Cover,Guard,,Charger,USB
Cover,Guard,,Charger,USB
Cover,Guard,PowerBank,Charger,USB
Cover,Guard,PowerBank,Charger,USB
,Guard,,Charger,USB
Cover,Guard,PowerBank,,USB
Cover,Guard,,Charger,USB
Cover,Guard,,Charger,USB
Cover,Guard,PowerBank,Charger,
Cover,Guard,,Charger,USB